{
	"IcoMoonType": "selection",
	"icons": [
		{
			"icon": {
				"paths": [
					"M626.784 512.032l195.072 195.072c12.672 12.672 12.672 33.248 0 45.92l-68.832 68.832c-12.672 12.672-33.216 12.672-45.92 0l-195.104-195.072-195.104 195.072c-12.672 12.672-33.216 12.672-45.888 0l-68.864-68.832c-12.672-12.672-12.672-33.216 0-45.92l195.104-195.072-195.104-195.104c-12.672-12.672-12.672-33.248 0-45.92l68.896-68.832c12.672-12.672 33.216-12.672 45.888 0l195.072 195.104 195.104-195.104c12.672-12.672 33.216-12.672 45.92 0l68.832 68.864c12.672 12.672 12.672 33.216 0 45.92l-195.072 195.072z"
				],
				"attrs": [
					{}
				],
				"isMulticolor": false,
				"tags": [
					"cancel",
					"close",
					"remove",
					"dismiss"
				],
				"grid": 32
			},
			"attrs": [
				{}
			],
			"properties": {
				"order": 1,
				"id": 0,
				"prevSize": 16,
				"code": 58881,
				"name": "cancel"
			},
			"setIdx": 0,
			"setId": 3,
			"iconIdx": 0
		},
		{
			"icon": {
				"paths": [
					"M810.667 273.707l-60.373-60.373-238.293 238.293-238.293-238.293-60.373 60.373 238.293 238.293-238.293 238.293 60.373 60.373 238.293-238.293 238.293 238.293 60.373-60.373-238.293-238.293z"
				],
				"attrs": [
					{}
				],
				"isMulticolor": false,
				"tags": [
					"close"
				],
				"grid": 24
			},
			"attrs": [
				{}
			],
			"properties": {
				"order": 1,
				"id": 0,
				"prevSize": 24,
				"code": 58880,
				"name": "close"
			},
			"setIdx": 1,
			"setId": 2,
			"iconIdx": 0
		},
		{
			"icon": {
				"paths": [
					"M512 0c-282.77 0-512 229.23-512 512s229.23 512 512 512 512-229.23 512-512-229.23-512-512-512zM512 928c-229.75 0-416-186.25-416-416s186.25-416 416-416 416 186.25 416 416-186.25 416-416 416z",
					"M354.744 706.744l90.512 90.512 285.254-285.256-285.256-285.254-90.508 90.508 194.744 194.746z"
				],
				"attrs": [],
				"tags": [
					"circle-right",
					"right",
					"circle-next",
					"arrow"
				],
				"defaultCode": 58883,
				"grid": 16
			},
			"attrs": [],
			"properties": {
				"order": 1,
				"id": 1395,
				"prevSize": 32,
				"code": 59970,
				"ligatures": "circle-right, right5",
				"name": "circle-right"
			},
			"setIdx": 2,
			"setId": 0,
			"iconIdx": 322
		}
	],
	"height": 1024,
	"metadata": {
		"name": "icomoon"
	},
	"preferences": {
		"showGlyphs": true,
		"showQuickUse": true,
		"showQuickUse2": true,
		"showSVGs": true,
		"fontPref": {
			"prefix": "icomoon-",
			"metadata": {
				"fontFamily": "icomoon",
				"majorVersion": 1,
				"minorVersion": 0
			},
			"metrics": {
				"emSize": 1024,
				"baseline": 6.25,
				"whitespace": 50
			},
			"embed": true,
			"showSelector": false,
			"showMetrics": true,
			"showMetadata": false,
			"showVersion": false
		},
		"imagePref": {
			"prefix": "icon-",
			"png": true,
			"useClassSelector": true,
			"color": 4473924,
			"bgColor": 16777215
		},
		"historySize": 100,
		"showCodes": true
	}
}