{
	"docs":{
		"src": 		"docs_src",
		"dest":		"docs",
		"templates":"<%= app.docs.src %>/templates",
		"pages": 	"<%= app.docs.templates %>/pages",
		"layouts":	"<%= app.docs.templates %>/layouts"
	},

	"src":{
		"dist":		"dist",

		"scripts": [
			"src/js/owl.carousel.js",
			"src/js/owl.lazyload.js",
			"src/js/owl.autoheight.js",
			"src/js/owl.video.js",
			"src/js/owl.animate.js",
			"src/js/owl.autoplay.js",
			"src/js/owl.navigation.js",
			"src/js/owl.hash.js"
		]
	},

	"title": "Owl Carousel",
	"download": "https://github.com/OwlFonk/OwlCarousel2/archive/master.zip",
	"donate": "https://www.paypal.com/cgi-bin/webscr?cmd=_s-xclick&hosted_button_id=EFSGXZS7V2U9N"
}
